HLRADDR,Number of SUBS,NSUBA,Country Name,Operator
4-21650000042,84562,82297,Tunisia,Orange
4-213661009500,2524,1985,Algeria,Mobilis
4-33689002869,340,293,France,Orange France
4-33191224620624,678,532,France,
4-447953700246,3,3,United Kingdom,EE
4-33695000399,998,802,France,Free Mobile
4-33689002861,403,347,France,Orange France
4-33191226760011,255,213,France,
4-447802002262,3,3,United Kingdom,O2
4-22366700065,117,91,Mali,Sotelma
4-33689002903,298,226,France,Orange France
4-33191221770046,90,75,France,
4-393519999399,105,87,Italy,
4-33191485010104,23,21,France,
4-19703769825,15,6,United States,
4-86156548226,1,1,China,
4-21650000035,18,16,Tunisia,Orange
4-33191316540124,2143,1380,France,
4-17057969230,75,63,Canada,
4-393205800010,151,110,Italy,WIND
4-33609009907,48,37,France,SFR
4-32495000640,83,71,Belgium,Orange
4-33191485010106,33,33,France,
4-4792001162,12,8,Norway,telia
4-33191237690039,381,285,France,
4-201179008819,179,140,Egypt,Etisalat
4-919895000041,6,5,India,Airtel
4-33689002863,312,271,France,Orange France
4-14054729214,8,7,United States,
4-33689002905,265,220,France,Orange France
4-33609009905,41,35,France,SFR
4-447782000228,3,1,United Kingdom,Three
4-32495000620,91,80,Belgium,Orange
4-491700600144,7,6,Germany,T-Mobile
4-33191224620625,651,503,France,
4-23599999952,15,13,Chad,Tigo
4-33609009909,54,45,France,SFR
4-33191485010082,27,25,France,
4-46708000984,427,406,Sweden,Telenor Sverige
4-331912237600174,207,162,France,
4-331912626920012,2,2,France,
4-4367603033000,3,3,Austria,T-Mobile AT
4-212661000746,37,30,Morocco,Maroc Telecom
4-33191346560139,19,15,France,
4-491700600126,338,243,Germany,T-Mobile
4-212663990030,243,205,Morocco,Méditel
4-33191227900042,80,66,France,
4-33191443850019,56,45,France,
4-37069899884,11,10,Lithuania,Telia
4-447802002746,11,10,United Kingdom,O2
4-33191905420181,3,3,France,
4-14054729246,6,5,United States,
4-33191491720129,22,19,France,
4-12404492443,7,6,United States,
4-358508771120,6,6,Finland,Elisa
4-393358999735,1,1,Italy,TIM
4-966593888389,120,89,Saudi Arabia,Zain
4-33191225070198,431,392,France,
4-331912237600175,175,141,France,
4-212699790097,62,47,Morocco,Inwi
4-33660005100,396,284,France,Bouygues
4-33689002902,275,222,France,Orange France
4-491700600138,3,2,Germany,T-Mobile
4-14054729200,10,10,United States,
4-33191306940031,29,20,France,
4-48602003040,35,31,Poland,T-Mobile
4-32495000610,90,80,Belgium,Orange
4-639170000337,11,7,Philippines,Globe
4-966575486140,13,12,Saudi Arabia,Red Bull Mobile
4-201059968206,11,9,Egypt,Vodafone
4-447953700227,12,10,United Kingdom,EE
4-33191393490278,11,10,France,
4-331912237600173,159,133,France,
4-33689002868,306,259,France,Orange France
4-33689002901,281,233,France,Orange France
4-861856834001,1,1,China,
4-352061000240,5,5,Luxembourg,
4-13603399661,109,20,United States,
4-33191491720141,9,9,France,
4-376301055,3,3,Andorra,Andorra Telecom
4-38640006170,6,2,Slovenia,A1
4-861325485400,1,1,China,
4-491760003020,13,11,Germany,
4-12404492442,12,11,United States,
4-8613436470000,2,1,China,China Mobile
4-201059968072,7,7,Egypt,Vodafone
4-33191221770047,70,57,France,
4-96558859632,41,35,Kuwait,VIVA
4-19703769822,29,15,United States,
4-33689002904,279,241,France,Orange France
4-491760003007,15,13,Germany,
4-331913736910002,2,1,France,
4-221766600939,28,23,Senegal,Free
4-212661000772,118,107,Morocco,Maroc Telecom
4-14054729344,7,7,United States,
4-33191905420193,3,2,France,
4-35988000201,39,30,Bulgaria,
4-491760003001,19,16,Germany,
4-393358999737,112,87,Italy,TIM
4-8615164920000,1,0,China,China Mobile
4-33689002862,319,269,France,Orange France
4-33689002877,233,206,France,Orange France
4-639180009000,6,2,Philippines,Smart
4-33609009912,59,45,France,SFR
4-33689002870,315,276,France,Orange France
4-33191221770048,74,57,France,
4-491700600301,11,8,Germany,T-Mobile
4-14054729348,4,4,United States,
4-447953700223,8,7,United Kingdom,EE
4-491700600106,8,8,Germany,T-Mobile
4-33191346560172,22,22,France,
4-639180008986,4,1,Philippines,Smart
4-491700600300,7,6,Germany,T-Mobile
4-33191236720149,31,28,France,
4-97477920100,25,18,Qatar,Vodafone
4-48790993810,164,136,Poland,Play
4-352621100057,105,67,Luxembourg,POST
4-33191356940085,41,10,France,
4-947100081,1,1,Sri Lanka,
4-32495000630,87,76,Belgium,Orange
4-212602790326,48,42,Morocco,Inwi
4-447953700220,5,4,United Kingdom,EE
4-447782001260,1,1,United Kingdom,Three
4-31624000283,16,12,Netherlands,T-Mobile
4-352021100056,54,45,Luxembourg,
4-447953700251,2,2,United Kingdom,EE
4-447802002748,10,10,United Kingdom,O2
4-639180009015,2,2,Philippines,Smart
4-33191000001,3,3,France,
4-447953700213,15,12,United Kingdom,EE
4-30971460010,4,0,Greece,
4-19037029904,20,18,United States,
4-883130000011000,395,199,Country not found,
4-447802002736,7,6,United Kingdom,O2
4-917021075029,4,4,India,Reliance Jio
4-34609190447,22,19,Spain,Movistar
4-447488200008,33,28,United Kingdom,Sky
4-393358840738034,62,49,Country not found,Operator not found
4-639170000369,21,12,Philippines,Globe
4-19703769807,31,9,United States,
4-447802002731,17,17,United Kingdom,O2
4-447953700216,25,21,United Kingdom,EE
4-33191346560178,1,1,France,
4-447802002260,41,29,United Kingdom,O2
4-447953700210,12,11,United Kingdom,EE
4-971500186083,4,3,United Arab Emirates,Etisalat
4-393205800014,15,12,Italy,WIND
4-34642200028,18,15,Spain,DigiMobil
4-250720005010,2,2,Rwanda,TIGO
4-13603399047,3,2,United States,
4-36309489900,33,29,Hungary,Magyar Telekom
4-550117102008,1,1,Brazil,
4-13603399660,98,17,United States,
4-6281107108,54,40,Indonesia,
4-447953700236,5,4,United Kingdom,EE
4-491760003018,10,9,Germany,
4-14054729347,9,8,United States,
4-33689002878,150,119,France,Orange France
4-19703769843,47,30,United States,
4-447782000227,2,0,United Kingdom,Three
4-33609009915,52,44,France,SFR
4-41765900130,210,176,Switzerland,Sunrise
4-16473840081,71,59,Canada,
4-447953700254,9,8,United Kingdom,EE
4-491700600160,9,6,Germany,T-Mobile
4-491700600131,4,3,Germany,T-Mobile
4-254722500120,8,7,Kenya,Safaricom
4-46707000400,7,7,Sweden,Tele2 Sverige
4-31624000284,8,8,Netherlands,T-Mobile
4-33191393490258,12,10,France,
4-393358840759819,72,52,Country not found,Operator not found
4-34622993899,121,91,Spain,Yoigo
4-33191233240020,38,29,France,
4-821196580000,31,27,"Korea, Republic of",SKTellink
4-14054729323,5,4,United States,
4-33191346560173,6,6,France,
4-14054729227,5,5,United States,
4-14174000022,611,459,United States,
4-32486000006,157,130,Belgium,Telenet
4-882285000008000,193,9,Country not found,
4-491760003003,28,24,Germany,
4-19703769806,25,9,United States,
4-40770000029,19,16,Romania,Digi Mobil
4-79262004640,5,4,Russian Federation,MegaFon
4-821080010585,10,8,"Korea, Republic of",LG U+
4-22222997007,62,50,Mauritania,Chinguitel
4-491760003021,11,11,Germany,
4-447488200536,42,40,United Kingdom,Sky
4-447488200636,10,7,United Kingdom,Sky
4-491760003016,17,12,Germany,
4-201059968077,14,13,Egypt,Vodafone
4-417949983007008,59,50,Switzerland,
4-32475002533,96,84,Belgium,Proximus
4-79167494123,2,2,Russian Federation,
4-33191491720132,12,12,France,
4-96596909414,30,25,Kuwait,Zain
4-393358815162,12,10,Italy,TIM
4-254722500118,5,4,Kenya,Safaricom
4-33689002871,24,21,France,Orange France
4-436760182220,4,4,Austria,T-Mobile AT
4-33191393490276,13,10,France,
4-201059968073,10,7,Egypt,Vodafone
4-14054729356,10,8,United States,
4-14054729191,11,11,United States,
4-316530860010,39,37,Netherlands,
4-14054729350,2,2,United States,
4-882285000001104,4,0,Country not found,
4-33191222400020,238,188,France,
4-40744009900,80,76,Romania,Orange
4-3319127830035,11,10,France,
4-447797707015,45,11,Jersey,JT
4-14054729242,6,6,United States,
4-46707990051,60,34,Sweden,Tele2 Sverige
4-420733087401,6,5,Czechia,T-Mobile
4-8613452410000,2,1,China,China Mobile
4-79016481192,27,23,Russian Federation,
4-33191224660015,88,66,France,
4-919849005532,9,7,India,Airtel
4-3319120120439,4,4,France,
4-33609009917,42,37,France,SFR
4-30971460011,3,2,Greece,
4-46705003207,2,2,Sweden,TeliaSonera
4-447953700239,2,1,United Kingdom,EE
4-201059968069,13,11,Egypt,Vodafone
4-351960995064,5,4,Portugal,MEO
4-3319127820096,4,3,France,
4-3319120120470,5,5,France,
4-639180009002,3,1,Philippines,Smart
4-447953700209,21,18,United Kingdom,EE
4-33609009901,48,42,France,SFR
4-79289900080,2,2,Russian Federation,MegaFon
4-37129899920,11,10,Latvia,Tele2
4-436990041202,193,158,Austria,Orange AT
4-77050000026,17,16,Kazakhstan,Beeline
4-14054729248,8,7,United States,
4-33689002876,248,214,France,Orange France
4-447782000116,5,1,United Kingdom,Three
4-491760003015,10,10,Germany,
4-447953700249,5,5,United Kingdom,EE
4-33191346560160,16,14,France,
4-447953700253,4,3,United Kingdom,EE
4-33191485010103,23,22,France,
4-33609009910,53,47,France,SFR
4-33609009906,53,41,France,SFR
4-491760003002,14,12,Germany,
4-447953700215,18,18,United Kingdom,EE
4-491700600156,5,4,Germany,T-Mobile
4-33191491720149,12,9,France,
4-24166228882,52,46,Gabon,Libertis
4-46705003203,4,4,Sweden,TeliaSonera
4-14054729215,7,7,United States,
4-201059968078,10,9,Egypt,Vodafone
4-639180009012,3,1,Philippines,Smart
4-447953700259,6,4,United Kingdom,EE
4-324860006004001,59,52,Belgium,
4-201059968085,9,6,Egypt,Vodafone
4-33191491720124,15,14,France,
4-31624000282,15,14,Netherlands,T-Mobile
4-8190542119851,8,8,Japan,
4-33609009914,47,36,France,SFR
4-905329326000,93,82,Türkiye,Turkcell
4-32495005650,73,44,Belgium,Orange
4-201059968201,11,9,Egypt,Vodafone
4-79167494186,1,1,Russian Federation,
4-14054729247,6,6,United States,
4-8190542112854,1,0,Japan,
4-919892123847,18,14,India,Airtel
4-447953700202,19,17,United Kingdom,EE
4-14054729239,6,4,United States,
4-19039326957,2,2,United States,
4-46707000275,3,3,Sweden,Tele2 Sverige
4-33191245950030,8,7,France,
4-491700600155,4,3,Germany,T-Mobile
4-8613506310000,1,1,China,China Mobile
4-33191417880087,52,47,France,
4-491700600140,6,4,Germany,T-Mobile
4-639170000359,18,6,Philippines,Globe
4-201059968205,3,2,Egypt,Vodafone
4-19703769810,102,20,United States,
4-14054729238,3,3,United States,
4-13603399653,12,0,United States,
4-14054729231,5,4,United States,
4-37069950000,29,28,Lithuania,BITĖ
4-3319120120445,9,7,France,
4-33191229950034,16,14,France,
4-919896283971,2,1,India,Airtel
4-79112009903,7,7,Russian Federation,
4-33191393490249,8,6,France,
4-491700600304,10,4,Germany,T-Mobile
4-201059968068,11,7,Egypt,Vodafone
4-491700600157,8,8,Germany,T-Mobile
4-32495000300,3,3,Belgium,Orange
4-14054729340,6,5,United States,
4-33191229970017,29,21,France,
4-33191231880011,3,2,France,
4-436760182223,4,3,Austria,T-Mobile AT
4-201059968082,5,5,Egypt,Vodafone
4-919935060110,20,17,India,Airtel
4-37125850000,9,8,Latvia,Bite Latvia
4-324750007320406,7,7,Belgium,
4-420733087404,10,10,Czechia,T-Mobile
4-33191393490271,17,13,France,
4-353830000250,26,21,Ireland,3
4-8615737490000,3,3,China,China Mobile
4-14047259013,5,4,United States,
4-19703769829,106,60,United States,
4-48602003041,26,22,Poland,T-Mobile
4-33191491720169,13,10,France,
4-33191346560181,13,12,France,
4-447953700233,6,6,United Kingdom,EE
4-447782000113,5,3,United Kingdom,Three
4-33191316540091,52,41,France,
4-491700600310,2,2,Germany,T-Mobile
4-3319120120441,7,7,France,
4-4366401100,49,42,Austria,A1 TA
4-8617842050000,1,0,China,China Mobile
4-33609009911,48,37,France,SFR
4-447802002730,16,15,United Kingdom,O2
4-14054729190,8,7,United States,
4-8613334262000,14,13,China,China Telecom
4-33191491720099,8,6,France,
4-33689002872,20,13,France,Orange France
4-14054729317,8,8,United States,
4-19703769832,34,15,United States,
4-4528133316,2,2,Denmark,telia
4-21650000099,3,1,Tunisia,Orange
4-14054729319,9,9,United States,
4-33191393490251,10,9,France,
4-79112009905,7,7,Russian Federation,
4-79167494136,1,1,Russian Federation,
4-491700600121,4,4,Germany,T-Mobile
4-919820005392043,1,1,India,
4-33191491720168,10,10,France,
4-393533000028,10,9,Italy,
4-79529480192,3,1,Russian Federation,Tele2
4-33191491720158,15,15,France,
4-33191393490260,9,7,France,
4-19703769842,69,35,United States,
4-966505000000,172,154,Saudi Arabia,STC
4-447802002261,1,1,United Kingdom,O2
4-33191316540258,21,19,France,
4-491760003017,8,8,Germany,
4-882470000001001,20,15,Country not found,
4-48881100010,157,133,Poland,Plus
4-8613601640000,6,6,China,China Mobile
4-14054729352,4,4,United States,
4-33191962770199,13,10,France,
4-14054729243,6,6,United States,
4-46708000000,11,9,Sweden,Telenor Sverige
4-33191250780012,12,11,France,
4-491700600114,4,3,Germany,T-Mobile
4-447953700256,6,6,United Kingdom,EE
4-33191346560146,20,16,France,
4-79014951192,9,6,Russian Federation,
4-33191393490265,6,4,France,
4-33191485010414,24,23,France,
4-14054729249,6,5,United States,
4-19703769823,25,14,United States,
4-14054729245,7,4,United States,
4-3725509961,1,0,Estonia,Tele 2
4-33191393490277,11,9,France,
4-3319120120437,5,4,France,
4-352091000110,23,17,Luxembourg,
4-447953700211,22,20,United Kingdom,EE
4-3319120120434,10,9,France,
4-33191491720142,11,10,France,
4-46705003205,3,3,Sweden,TeliaSonera
4-37129201245,39,32,Latvia,LMT
4-14054729320,4,4,United States,
4-12085978676,4,4,United States,
4-201059968087,7,6,Egypt,Vodafone
4-393533000029,9,7,Italy,
4-447559499030,44,36,United Kingdom,Truphone
4-8614770870000,1,1,China,China Mobile
4-48601000061,4,2,Poland,Plus
4-84980200080,3,1,Viet Nam,Viettel
4-421949901073,2,2,Slovakia,Telefonica O2
4-447781002015,4,4,Guernsey,Sure
4-33689008126,34,31,France,Orange France
4-33191407220043,20,19,France,
4-19703769809,135,28,United States,
4-37068499230,19,18,Lithuania,Tele 2
4-491700600124,2,2,Germany,T-Mobile
4-639180009010,5,2,Philippines,Smart
4-33191590350057,3,2,France,
4-436990071296,4,4,Austria,Orange AT
4-37069899881,13,13,Lithuania,Telia
4-37069899883,11,10,Lithuania,Telia
4-33191243840259,2,2,France,
4-447802002732,6,6,United Kingdom,O2
4-201059968075,3,3,Egypt,Vodafone
4-491700600116,5,5,Germany,T-Mobile
4-447953700238,7,6,United Kingdom,EE
4-21350001272,21,13,Algeria,
4-40770000028,32,28,Romania,Digi Mobil
4-249912090342,1,1,Sudan,Zain
4-639180009019,3,0,Philippines,Smart
4-639180009018,4,0,Philippines,Smart
4-12085978680,7,6,United States,
4-861395810000,5,3,China,
4-919934129300,8,8,India,Airtel
4-14054729234,4,3,United States,
4-2250101099707,12,11,Côte d'Ivoire,Moov
4-447953700203,24,23,United Kingdom,EE
4-447953700205,18,16,United Kingdom,EE
4-14054729203,4,3,United States,
4-14054729325,6,6,United States,
4-916362784242,6,3,India,Reliance Jio
4-79942611192,24,20,Russian Federation,
4-491700600122,6,5,Germany,T-Mobile
4-331912348030038,136,110,France,
4-393358815112,9,8,Italy,TIM
4-33191243810046,13,11,France,
4-14054729220,5,5,United States,
4-31624000286,6,6,Netherlands,T-Mobile
4-8613470190000,1,1,China,China Mobile
4-33191491720130,12,11,France,
4-30971460008,4,3,Greece,
4-447802002263,3,3,United Kingdom,O2
4-491760003019,14,11,Germany,
4-19703769833,44,23,United States,
4-491760003005,10,9,Germany,
4-491760003014,17,17,Germany,
4-352061000250,9,8,Luxembourg,
4-331911514420007,8,6,France,
4-14054729327,6,6,United States,
4-447953700248,8,7,United Kingdom,EE
4-97339600862,9,8,Bahrain,Batelco
4-37069899882,16,16,Lithuania,Telia
4-491700600117,7,4,Germany,T-Mobile
4-2694000105,10,8,Comoros,TELCO
4-33191491720171,12,11,France,
4-447953700257,7,5,United Kingdom,EE
4-33191393490332,25,19,France,
4-14054729230,6,5,United States,
4-46705003206,4,2,Sweden,TeliaSonera
4-14054729237,6,5,United States,
4-336110000332001,2,2,France,
4-33191491720174,10,9,France,
4-201059968079,5,4,Egypt,Vodafone
4-34642200027,16,13,Spain,DigiMobil
4-353857000880,8,5,Ireland,Meteor
4-8613772450000,2,2,China,China Mobile
4-491700600306,9,4,Germany,T-Mobile
4-447488200437,34,30,United Kingdom,Sky
4-447953700243,1,1,United Kingdom,EE
4-46705003202,5,5,Sweden,TeliaSonera
4-33191491720167,6,6,France,
4-331914219050004,8,7,France,
4-639180009008,2,1,Philippines,Smart
4-491700600151,4,3,Germany,T-Mobile
4-14054729324,9,8,United States,
4-447953700234,8,8,United Kingdom,EE
4-639180009013,6,3,Philippines,Smart
4-491700600154,4,3,Germany,T-Mobile
4-33191443850194,9,7,France,
4-35699418500,26,19,Malta,epic
4-48881101163,1,1,Poland,Plus
4-61415011022,1,1,Australia,Vodafone
4-33191485010110,27,22,France,
4-447953700208,16,15,United Kingdom,EE
4-491700600113,5,5,Germany,T-Mobile
4-436990071205,18,18,Austria,Orange AT
4-21650000044,810923,763579,Tunisia,Orange
4-31624000287,12,11,Netherlands,T-Mobile
4-861958467000,3,3,China,
4-3319120120442,8,7,France,
4-324750007315605,5,5,Belgium,
4-48602003042,18,12,Poland,T-Mobile
4-447782000232,3,2,United Kingdom,Three
4-639180009001,4,3,Philippines,Smart
4-19703769828,118,59,United States,
4-324750007324303,25,20,Belgium,
4-919820405700,6,4,India,Vodafone
4-3319120120448,7,6,France,
4-96139960265,22,20,Lebanon,
4-31624000285,8,8,Netherlands,T-Mobile
4-4792001161,13,12,Norway,telia
4-14054729206,4,3,United States,
4-491700600111,6,6,Germany,T-Mobile
4-4790000950,25,23,Norway,telenor norge
4-491760003004,16,13,Germany,
4-33191351930065,31,28,France,
4-201059968076,7,5,Egypt,Vodafone
4-34642200029,27,20,Spain,DigiMobil
4-447953700222,7,7,United Kingdom,EE
4-883170000000002,8,2,Country not found,
4-33191346560155,14,12,France,
4-33191485010086,22,21,France,
4-491700600123,6,4,Germany,T-Mobile
4-14054729366,7,7,United States,
4-21350001271,18,12,Algeria,
4-33191485010108,23,17,France,
4-919816001268,4,4,India,Airtel
4-33191905420191,4,3,France,
4-447953700214,18,18,United Kingdom,EE
4-447802002747,4,4,United Kingdom,O2
4-491760003013,18,13,Germany,
4-491700600305,9,6,Germany,T-Mobile
4-14054729232,6,6,United States,
4-8615797220000,2,1,China,China Mobile
4-491700600146,6,6,Germany,T-Mobile
4-12404492438,10,8,United States,
4-324750004055602,2,2,Belgium,
4-919932029188,1,1,India,Airtel
4-14054729311,5,5,United States,
4-8613748602,2,2,China,
4-37256100083,6,5,Estonia,Elisa
4-33191393490257,18,16,France,
4-33191211920001,1,0,France,
4-491700600145,3,3,Germany,T-Mobile
4-19039326974,2,1,United States,
4-33689002900,26,17,France,Orange France
4-33191346560152,13,10,France,
4-421903002023,2,2,Slovakia,T-Mobile (Slovak Telekom)
4-33191491720143,12,10,France,
4-14054729331,8,8,United States,
4-33191393490266,12,8,France,
4-8190542113894,1,0,Japan,
4-33191393490341,22,17,France,
4-33191346560154,15,14,France,
4-447953700204,26,18,United Kingdom,EE
4-14054729333,6,6,United States,
4-14054729202,3,2,United States,
4-34609092030,28,20,Spain,Movistar
4-14054729335,6,6,United States,
4-447782000230,5,3,United Kingdom,Three
4-79270009045,10,9,Russian Federation,MegaFon
4-14054729349,6,6,United States,
4-447782000246,5,2,United Kingdom,Three
4-35677794012,7,5,Malta,Melita Mobile
4-447953700206,19,16,United Kingdom,EE
4-14054729223,5,4,United States,
4-48601000062,5,5,Poland,Plus
4-14054729212,10,8,United States,
4-61411999020,4,1,Australia,Optus
4-491760003010,10,9,Germany,
4-4792001159,8,8,Norway,telia
4-447953700207,15,15,United Kingdom,EE
4-447782000220,2,1,United Kingdom,Three
4-14054729244,5,5,United States,
4-33191346560162,11,10,France,
4-48601000069,5,4,Poland,Plus
4-14054729334,3,3,United States,
4-2348050001018,11,9,Nigeria,Glo
4-4366401030,71,5,Austria,A1 TA
4-393533000027,15,15,Italy,
4-324750004001309,2,2,Belgium,
4-417949983007012,21,20,Switzerland,
4-14047259018,3,3,United States,
4-14054729354,4,4,United States,
4-14054729345,2,1,United States,
4-491760003009,20,17,Germany,
4-21650000043,811208,763971,Tunisia,Orange
4-14054729332,6,5,United States,
4-447802000224,6,5,United Kingdom,O2
4-331914206080026,31,29,France,
4-14047259019,2,2,United States,
4-33609009916,45,36,France,SFR
4-79112009901,4,4,Russian Federation,
4-7921960096490,9,8,Russian Federation,
4-14054729346,4,4,United States,
4-917020075020,3,1,India,Reliance Jio
4-14382760066,1,1,Canada,
4-8614755420000,1,0,China,China Mobile
4-79167494229,2,2,Russian Federation,
4-33191229240005,7,7,France,
4-19703769808,15,5,United States,
4-358402001001,4,4,Finland,Telia
4-8614735630000,1,1,China,China Mobile
4-33609009903,56,41,France,SFR
4-33191905420166,1,1,France,
4-33191491720145,10,9,France,
4-79167494250,5,5,Russian Federation,
4-33191905420292,1,1,France,
4-491700600303,9,6,Germany,T-Mobile
4-639180009004,1,0,Philippines,Smart
4-66923010450,1,1,Thailand,AIS
4-79219600076,15,13,Russian Federation,MegaFon
4-14054729359,5,5,United States,
4-201059968089,8,8,Egypt,Vodafone
4-79012275192,2,2,Russian Federation,
4-491700600159,5,5,Germany,T-Mobile
4-3319120120446,4,4,France,
4-8613334113000,6,5,China,China Telecom
4-447953700212,12,10,United Kingdom,EE
4-33191962770198,9,7,France,
4-33191346070467,66,49,France,
4-447953700240,7,6,United Kingdom,EE
4-33191243840013,41,39,France,
4-8613466470000,3,3,China,China Mobile
4-48881109012,3,3,Poland,Plus
4-971550930009,93,82,United Arab Emirates,du
4-33191491720131,10,10,France,
4-48601000060,3,3,Poland,Plus
4-8615905320000,2,2,China,China Mobile
4-48601000070,7,7,Poland,Plus
4-491760003023,18,16,Germany,
4-14054729364,8,8,United States,
4-447953700241,2,2,United Kingdom,EE
4-33191393490331,35,26,France,
4-13603399656,2,0,United States,
4-22890600000,5,5,Togo,Togo Telecom
4-358402001005,2,1,Finland,Telia
4-33191268760001,1,1,France,
4-14054729365,7,6,United States,
4-31624000281,11,9,Netherlands,T-Mobile
4-989110014,7,4,"Iran, Islamic Republic of",
4-62816081125,5,5,Indonesia,Indosat Ooredoo Hutchison
4-22670900007,48,40,Burkina Faso,Onatel
4-971550930007,34,28,United Arab Emirates,du
4-491700600104,8,8,Germany,T-Mobile
4-447782000242,2,0,United Kingdom,Three
4-919840011921,3,3,India,Airtel
4-8190542117850,1,1,Japan,
4-33191905420161,2,1,France,
4-33191353870058,12,1,France,
4-8613460450000,2,2,China,China Mobile
4-13123149271,7,6,United States,
4-447953700225,9,9,United Kingdom,EE
4-48601000064,4,3,Poland,Plus
4-14054729224,4,3,United States,
4-46731260001,6,5,Sweden,Telenor Connexion
4-33191346070740,2,1,France,
4-420733087402,8,7,Czechia,T-Mobile
4-33689002864,1,1,France,Orange France
4-14054729318,6,6,United States,
4-48881109008,1,1,Poland,Plus
4-491700600127,2,2,Germany,T-Mobile
4-14054729213,7,6,United States,
4-12085978678,7,6,United States,
4-14054729198,3,2,United States,
4-14054729310,6,6,United States,
4-12404492440,8,8,United States,
4-33609009904,58,47,France,SFR
4-4792001160,9,6,Norway,telia
4-14054729321,1,1,United States,
4-491700600139,4,4,Germany,T-Mobile
4-351960995063,4,3,Portugal,MEO
4-447802000252,2,2,United Kingdom,O2
4-8613641130000,3,3,China,China Mobile
4-21350001273,15,9,Algeria,
4-919894000048,3,2,India,Airtel
4-491700600108,3,3,Germany,T-Mobile
4-96541003520,1,0,Kuwait,Virgin mobile
4-550022102003,5,5,Brazil,
4-97259132999,17,17,Israel,
4-861476740000,3,2,China,
4-201059968208,11,9,Egypt,Vodafone
4-61415011016,1,1,Australia,Vodafone
4-883390000000000,1,1,Country not found,
4-14054729353,8,8,United States,
4-447953700201,19,16,United Kingdom,EE
4-97333810260,5,5,Bahrain,VIVA
4-242055005047,19,18,Congo,Airtel
4-447953700245,4,3,United Kingdom,EE
4-61415011020,1,1,Australia,Vodafone
4-14054729201,3,3,United States,
4-33191393490264,11,7,France,
4-14054729194,4,4,United States,
4-33191485010102,35,33,France,
4-336110000099413,6,3,France,
4-491760003024,14,12,Germany,
4-50495269670,4,3,Honduras,Celtel (Tigo)
4-447782000223,2,1,United Kingdom,Three
4-8614778410000,4,3,China,China Mobile
4-3319127820090,1,1,France,
4-33609009902,38,32,France,SFR
4-436760182231,1,1,Austria,T-Mobile AT
4-491700600135,6,6,Germany,T-Mobile
4-358402001004,9,9,Finland,Telia
4-33191905420284,2,2,France,
4-447953700232,7,6,United Kingdom,EE
4-33689008252,2,2,France,Orange France
4-33191374950021,1,1,France,
4-14054729363,7,7,United States,
4-491700600141,3,2,Germany,T-Mobile
4-46735487101,10,8,Sweden,HI3G Access
4-33609009170,1,1,France,SFR
4-14054729328,8,8,United States,
4-491700600161,2,1,Germany,T-Mobile
4-447953700247,9,8,United Kingdom,EE
4-447782000229,2,1,United Kingdom,Three
4-3319120120444,10,10,France,
4-385910930,3,2,Croatia,
4-14054729211,3,3,United States,
4-8615021040000,2,1,China,China Mobile
4-33191485010107,24,19,France,
4-491700600134,4,2,Germany,T-Mobile
4-201059968084,11,10,Egypt,Vodafone
4-9477000253,7,4,Sri Lanka,
4-550101102069,1,1,Brazil,
4-447797707076,7,0,Jersey,JT
4-3319160160029,4,4,France,
4-8614750350000,1,1,China,China Mobile
4-8613436740000,4,1,China,China Mobile
4-447953700229,11,10,United Kingdom,EE
4-14054729222,3,3,United States,
4-8613870840000,4,4,China,China Mobile
4-14054729339,10,10,United States,
4-3319120120440,12,11,France,
4-201059968207,7,5,Egypt,Vodafone
4-14054729193,7,6,United States,
4-919890064505,7,4,India,Airtel
4-4540390932,12,10,Denmark,tdc
4-14054729210,5,4,United States,
4-447953700237,10,9,United Kingdom,EE
4-40770000027,22,17,Romania,Digi Mobil
4-14054729368,3,3,United States,
4-8615114930000,4,3,China,China Mobile
4-491760003022,23,18,Germany,
4-447802002737,11,11,United Kingdom,O2
4-201059968086,3,1,Egypt,Vodafone
4-33191393490218,12,12,France,
4-14054729360,3,3,United States,
4-336110000320601,4,1,France,
4-639170000358,21,9,Philippines,Globe
4-491760003006,13,13,Germany,
4-447782000115,3,2,United Kingdom,Three
4-33689008256,4,3,France,Orange France
4-48601000071,11,10,Poland,Plus
4-33191491720107,8,7,France,
4-447953700217,10,9,United Kingdom,EE
4-491700600128,7,6,Germany,T-Mobile
4-8613459120000,2,2,China,China Mobile
4-447953700230,3,2,United Kingdom,EE
4-8614796910000,1,1,China,China Mobile
4-32475002511,1,1,Belgium,Proximus
4-8613745908000,1,1,China,China Mobile
4-14054729205,6,4,United States,
4-33191316540398,626,362,France,
4-447953700228,10,8,United Kingdom,EE
4-971550930006,34,31,United Arab Emirates,du
4-201059968088,10,9,Egypt,Vodafone
4-919897050310,3,2,India,Airtel
4-14054729241,6,4,United States,
4-14054729337,7,6,United States,
4-861476741000,2,2,China,
4-201059968070,11,9,Egypt,Vodafone
4-14054729195,3,3,United States,
4-14054729351,8,7,United States,
4-22899999765,8,4,Togo,Moov
4-14047259012,7,7,United States,
4-491700600101,5,4,Germany,T-Mobile
4-4528133317,1,1,Denmark,telia
4-14054729329,3,2,United States,
4-33660005130,1,1,France,Bouygues
4-358508771123,6,6,Finland,Elisa
4-48601000067,3,3,Poland,Plus
4-33191491720170,10,10,France,
4-421949901071,3,3,Slovakia,Telefonica O2
4-14054729357,2,2,United States,
4-447953700231,7,6,United Kingdom,EE
4-358508771122,6,4,Finland,Elisa
4-352061000220,9,7,Luxembourg,
4-358447981200,15,14,Finland,DNA
4-447953700219,2,2,United Kingdom,EE
4-97336019910,7,5,Bahrain,zain BH
4-14054729343,4,4,United States,
4-23170000042,2,1,Liberia,
4-19037029903,14,13,United States,
4-628964001091,8,5,Indonesia,Indosat Ooredoo Hutchison
4-3319120120436,5,4,France,
4-201059968202,12,9,Egypt,Vodafone
4-447953700252,2,2,United Kingdom,EE
4-8613629510000,2,2,China,China Mobile
4-33191443850196,11,10,France,
4-491700600153,4,4,Germany,T-Mobile
4-12085978677,6,6,United States,
4-4531307401,8,5,Denmark,3
4-48601000297,5,1,Poland,Plus
4-819066519778,3,3,Japan,Softbank
4-201059968204,5,3,Egypt,Vodafone
4-436760182224,3,1,Austria,T-Mobile AT
4-491700600309,1,1,Germany,T-Mobile
4-37069899885,15,10,Lithuania,Telia
4-233277500820,4,4,Ghana,airteltiGO
4-14054729197,4,3,United States,
4-33191485010395,21,19,France,
4-79222900242,2,2,Russian Federation,MegaFon
4-447953700255,5,5,United Kingdom,EE
4-84900100,3,1,Viet Nam,
4-919815053740,6,3,India,Airtel
4-447953700235,8,8,United Kingdom,EE
4-14054729322,5,5,United States,
4-33191393490323,22,18,France,
4-31653099532,24,18,Netherlands,KPN
4-491760003012,18,15,Germany,
4-79202906865,1,1,Russian Federation,MegaFon
4-3319120120447,8,8,France,
4-33191905420158,1,1,France,
4-14054729338,2,2,United States,
4-14054729326,3,3,United States,
4-3725098027,4,4,Estonia,Telia Eesti AS
4-201059968083,11,8,Egypt,Vodafone
4-13123149270,3,2,United States,
4-886973848920,1,1,"Taiwan, Province of China",T Star
4-33191905420170,2,1,France,
4-33191353870031,2,2,France,
4-919820005392136,2,1,India,
4-491700600137,5,3,Germany,T-Mobile
4-46705003204,4,4,Sweden,TeliaSonera
4-37256100200,2,2,Estonia,Elisa
4-14047259037,3,3,United States,
4-14054729355,3,2,United States,
4-61415011028,1,1,Australia,Vodafone
4-331911514420022,15,13,France,
4-14054729362,4,4,United States,
4-8613426340000,1,1,China,China Mobile
4-819066519752,1,1,Japan,Softbank
4-639180008985,1,0,Philippines,Smart
4-201059968081,12,11,Egypt,Vodafone
4-491700600152,2,0,Germany,T-Mobile
4-8619547670000,1,1,China,China Mobile
4-33191491720125,4,4,France,
4-447488200537,9,9,United Kingdom,Sky
4-8618405110000,1,1,China,China Mobile
4-8190542113892,1,1,Japan,
4-491700600107,3,3,Germany,T-Mobile
4-639180008993,6,4,Philippines,Smart
4-331914219050053,4,4,France,
4-33609009908,56,48,France,SFR
4-989200000102,1,1,"Iran, Islamic Republic of",Rightel
4-639180008989,1,0,Philippines,Smart
4-861476742000,3,3,China,
4-33191316540267,2,2,France,
4-8613524540000,1,1,China,China Mobile
4-639180009005,7,2,Philippines,Smart
4-41794992015,61,48,Switzerland,Swisscom
4-491700600125,5,4,Germany,T-Mobile
4-38977000270,4,4,North Macedonia,A1
4-962788990023,3,3,Jordan,Umniah
4-14054729192,3,3,United States,
4-16363848769,4,3,United States,
4-491700600158,4,4,Germany,T-Mobile
4-421949901074,1,1,Slovakia,Telefonica O2
4-324750004161022,5,4,Belgium,
4-19039326968,2,2,United States,
4-33191905420184,1,1,France,
4-56982999055,1,1,Chile,Entel
4-34609091004,5,5,Spain,Movistar
4-8613741900000,1,1,China,China Mobile
4-447782000119,4,3,United Kingdom,Three
4-491700600308,1,1,Germany,T-Mobile
4-46707000233,50,47,Sweden,Tele2 Sverige
4-201059968203,8,7,Egypt,Vodafone
4-491700600118,4,3,Germany,T-Mobile
4-201059968071,11,10,Egypt,Vodafone
4-324750007324306,11,11,Belgium,
4-3725098026,4,3,Estonia,Telia Eesti AS
4-14054729312,7,7,United States,
4-639180008988,3,2,Philippines,Smart
4-33689008255,5,4,France,Orange France
4-33609009913,50,43,France,SFR
4-30971460009,3,2,Greece,
4-14054729361,2,2,United States,
4-550101102093,3,3,Brazil,
4-14054729341,3,3,United States,
4-19039326946,1,1,United States,
4-447802000257,5,5,United Kingdom,O2
4-33191905420187,3,2,France,
4-491700600136,2,2,Germany,T-Mobile
4-352600000001001,1,1,Luxembourg,
4-4528133313,2,1,Denmark,telia
4-491700600147,3,3,Germany,T-Mobile
4-48601000065,5,4,Poland,Plus
4-99599599912,2,1,Georgia,
4-421949901072,2,2,Slovakia,Telefonica O2
4-393358840738179,8,4,Country not found,Operator not found
4-3319120120471,5,3,France,
4-14054729225,4,4,United States,
4-33191346560153,8,8,France,
4-861316047405,1,1,China,
4-919845286068,8,8,India,Airtel
4-447953700242,7,5,United Kingdom,EE
4-33689002884,1,1,France,Orange France
4-447782000221,2,2,United Kingdom,Three
4-639180008991,5,2,Philippines,Smart
4-639180009003,1,1,Philippines,Smart
4-14054729196,5,5,United States,
4-33191393490281,6,4,France,
4-12404492441,7,7,United States,
4-491760007032,4,0,Germany,
4-358402001002,4,4,Finland,Telia
4-14054729199,2,2,United States,
4-8613441754,1,1,China,
4-550066102009,1,1,Brazil,
4-33191485010437,4,4,France,
4-8613344181000,11,11,China,China Telecom
4-447782000231,2,2,United Kingdom,Three
4-33191351910061,10,10,France,
4-14054729216,2,2,United States,
4-79639741154,1,1,Russian Federation,Beeline
4-19039326986,2,1,United States,
4-447953700221,1,0,United Kingdom,EE
4-491700600150,3,2,Germany,T-Mobile
4-491700600105,4,4,Germany,T-Mobile
4-491760003011,14,12,Germany,
4-14054729228,3,2,United States,
4-324750007315415,1,1,Belgium,
4-919810051031,5,4,India,Airtel
4-33191232760008,5,2,France,
4-421903002024,2,2,Slovakia,T-Mobile (Slovak Telekom)
4-19703769838,1,1,United States,
4-393358840763002,1,1,Country not found,Operator not found
4-639180008992,3,1,Philippines,Smart
4-14054729367,3,3,United States,
4-16363848773,3,3,United States,
4-4540699710,13,10,Denmark,telenor
4-261340010207,2,2,Madagascar,Telma
4-639180009007,3,0,Philippines,Smart
4-550027102006,1,1,Brazil,
4-8613512140000,3,3,China,China Mobile
4-447802000251,1,1,United Kingdom,O2
4-989350070320,4,4,"Iran, Islamic Republic of",Irancell
4-436990071295,3,3,Austria,Orange AT
4-33689008195,3,2,France,Orange France
4-8618516404514,1,1,China,China Unicom
4-48601000066,10,8,Poland,Plus
4-351960990075,1,1,Portugal,MEO
4-48601000068,4,4,Poland,Plus
4-491760003008,12,11,Germany,
4-33191443850195,5,4,France,
4-14054729226,2,2,United States,
4-8618516404525,1,1,China,China Unicom
4-38163100301,7,7,Serbia,Telenor
4-3319160160030,5,5,France,
4-79167494122,1,1,Russian Federation,
4-3319120120411,4,4,France,
4-491700600130,4,2,Germany,T-Mobile
4-14382760061,1,1,Canada,
4-351960995062,3,3,Portugal,MEO
4-436990071206,7,7,Austria,Orange AT
4-639180009017,5,4,Philippines,Smart
4-79101399984,3,3,Russian Federation,
4-14054729235,3,3,United States,
4-12085978679,5,4,United States,
4-14054729342,6,5,United States,
4-79167494175,1,1,Russian Federation,
4-33191905420157,3,1,France,
4-491700600143,5,5,Germany,T-Mobile
4-491760003263,1,1,Germany,
4-6281107162,1,1,Indonesia,
4-62816081412,4,4,Indonesia,Indosat Ooredoo Hutchison
4-19039326976,2,2,United States,
4-491700600149,2,2,Germany,T-Mobile
4-79772539033,3,3,Russian Federation,Tele2
4-19039326975,1,1,United States,
4-38765500033,3,2,Bosnia and Herzegovina,m:tel
4-352061000230,6,5,Luxembourg,
4-491700600109,7,7,Germany,T-Mobile
4-639180009020,4,2,Philippines,Smart
4-8618445190000,1,1,China,China Mobile
4-447782000249,1,1,United Kingdom,Three
4-4367603031000,5,5,Austria,T-Mobile AT
4-14054729336,3,2,United States,
4-3319127820105,1,1,France,
4-8190542113900,1,1,Japan,
4-491700600129,6,6,Germany,T-Mobile
4-14054729233,5,4,United States,
4-861556508428,1,1,China,
4-491700600317,2,1,Germany,T-Mobile
4-861958457000,1,1,China,
4-420733087400,4,4,Czechia,T-Mobile
4-331912547700002,2,2,France,
4-447802000250,3,3,United Kingdom,O2
4-30971460017,3,2,Greece,
4-916289015348,2,2,India,Reliance Jio
4-14054729330,3,2,United States,
4-16363848768,3,2,United States,
4-33695000390,1,1,France,Free Mobile
4-447802000255,6,4,United Kingdom,O2
4-33191393490273,11,11,France,
4-79025879015,2,2,Russian Federation,Tele2
4-79639741151,1,1,Russian Federation,Beeline
4-19039326941,1,1,United States,
4-33191485010109,27,24,France,
4-491700600102,4,4,Germany,T-Mobile
4-13123149273,1,1,United States,
4-491700600142,2,2,Germany,T-Mobile
4-491700600132,5,5,Germany,T-Mobile
4-4367603035000,3,2,Austria,T-Mobile AT
4-447782000226,3,1,United Kingdom,Three
4-639180008987,2,0,Philippines,Smart
4-447802002738,9,9,United Kingdom,O2
4-2348020004555,2,1,Nigeria,Airtel
4-61415011021,2,2,Australia,Vodafone
4-3859812010,2,2,Croatia,
4-447782000244,1,0,United Kingdom,Three
4-158758001250,1,1,Country not found,Operator not found
4-919820005392053,2,2,India,
4-491700600133,3,3,Germany,T-Mobile
4-3859812011,3,3,Croatia,
4-16363848775,2,1,United States,
4-447802000248,5,5,United Kingdom,O2
4-919937029131,1,1,India,Airtel
4-355680200025,3,3,Albania,
4-9779800000054,1,0,Nepal,NCell
4-8615905380000,1,1,China,China Mobile
4-882285000001100,1,0,Country not found,
4-48601000063,2,2,Poland,Plus
4-8614796670000,1,1,China,China Mobile
4-240556000410,1,0,Equatorial Guinea,Muni
4-14054729221,7,7,United States,
4-14054729218,3,3,United States,
4-96475209002135,2,1,Iraq,
4-14054729207,4,4,United States,
4-33191230250019,2,2,France,
4-861562611000,1,0,China,
4-447782000112,3,1,United Kingdom,Three
4-447797707075,4,0,Jersey,JT
4-8614741040000,2,2,China,China Mobile
4-639180009006,4,1,Philippines,Smart
4-14054729217,5,4,United States,
4-14054729236,3,2,United States,
4-324750004055603,5,4,Belgium,
4-639180008994,3,1,Philippines,Smart
4-33191905420265,1,1,France,
4-96895001059,1,1,Oman,Ooredoo
4-989110006,2,2,"Iran, Islamic Republic of",
4-25377890008,1,0,Djibouti,Evatis
4-19039326982,2,2,United States,
4-19039326944,2,1,United States,
4-447782000117,1,0,United Kingdom,Three
4-447782000111,2,1,United Kingdom,Three
4-861960341474,1,1,China,
4-33191485010200,1,1,France,
4-447953700258,4,4,United Kingdom,EE
4-550112102068,2,2,Brazil,
4-491700600119,3,3,Germany,T-Mobile
4-819066519754,1,1,Japan,Softbank
4-8619816540000,3,2,China,China Mobile
4-201059968074,7,7,Egypt,Vodafone
4-358508771121,8,8,Finland,Elisa
4-336110000179234,1,0,France,
4-14054729316,2,1,United States,
4-393358911007,5,3,Italy,TIM
4-14054729208,6,6,United States,
4-436760172100,1,0,Austria,T-Mobile AT
4-14054729313,1,1,United States,
4-8613564840000,4,4,China,China Mobile
4-639180009014,4,3,Philippines,Smart
4-61415011017,1,1,Australia,Vodafone
4-8190542114861,1,0,Japan,
4-19039326955,1,0,United States,
4-79167494228,2,2,Russian Federation,
4-14054729315,7,7,United States,
4-861309057601,1,1,China,
4-254722500119,2,2,Kenya,Safaricom
4-33191905420188,2,1,France,
4-79101399982,4,4,Russian Federation,
4-79167494226,3,3,Russian Federation,
4-21650000056,1,1,Tunisia,Orange
4-491700600311,2,2,Germany,T-Mobile
4-14054729219,3,2,United States,
4-491700600115,3,3,Germany,T-Mobile
4-447953700244,5,3,United Kingdom,EE
4-447802000225,1,1,United Kingdom,O2
4-96475209001935,1,1,Iraq,
4-33191905420192,2,2,France,
4-33191905420150,1,1,France,
4-46707000300,1,1,Sweden,Tele2 Sverige
4-16363848770,2,1,United States,
4-882285000001101,3,0,Country not found,
4-8190542114862,1,1,Japan,
4-447953700226,6,5,United Kingdom,EE
4-14054729314,1,1,United States,
4-491700600314,2,2,Germany,T-Mobile
4-491700600103,3,2,Germany,T-Mobile
4-8618402400000,2,2,China,China Mobile
4-8613759610000,3,3,China,China Mobile
4-639180008990,4,2,Philippines,Smart
4-491700600148,7,7,Germany,T-Mobile
4-447782000241,2,2,United Kingdom,Three
4-447782000248,2,2,United Kingdom,Three
4-387630000070,2,2,Bosnia and Herzegovina,
4-861304765000,1,0,China,
4-861300013102,1,1,China,
4-861564450907,1,1,China,
4-33689008162,2,2,France,Orange France
4-919026786493,3,3,India,Reliance Jio
4-62816081124,3,2,Indonesia,Indosat Ooredoo Hutchison
4-33191354770011,3,3,France,
4-40766000110,2,2,Romania,Telekom
4-252610000073,1,0,Somalia,Hormuud
4-447802000249,4,4,United Kingdom,O2
4-8615100740000,1,1,China,China Mobile
4-13603399694,1,0,United States,
4-919825301036,2,1,India,Vodafone
4-3319127820076,1,1,France,
4-358402001003,5,5,Finland,Telia
4-4528132000,1,0,Denmark,telia
4-3319136700040,2,2,France,
4-8614784620000,2,2,China,China Mobile
4-33689002875,1,1,France,Orange France
4-861476743000,3,1,China,
4-19039326971,1,1,United States,
4-491700600112,3,3,Germany,T-Mobile
4-447782000247,2,1,United Kingdom,Three
4-254722500116,4,3,Kenya,Safaricom
4-79529480186,1,1,Russian Federation,Tele2
4-14054729209,2,2,United States,
4-33689008090,1,1,France,Orange France
4-38163100302,1,1,Serbia,Telenor
4-359898000116,2,2,Bulgaria,Telenor
4-33689008881,1,1,France,Orange France
4-447802002265,3,3,United Kingdom,O2
4-38349009223,2,2,Country not found,IPKO
4-33191233200027,1,1,France,
4-919898092806,6,4,India,Airtel
4-19039326993,1,1,United States,
4-19039326951,1,1,United States,
4-33191485010443,1,1,France,
4-8613605320000,1,0,China,China Mobile
4-8614794030000,1,1,China,China Mobile
4-19037029973,1,1,United States,
4-4367603032000,2,2,Austria,T-Mobile AT
4-8190542116893,1,1,Japan,
4-62816081127,2,2,Indonesia,Indosat Ooredoo Hutchison
4-14047259036,1,1,United States,
4-13603399685,1,1,United States,
4-254722500121,3,3,Kenya,Safaricom
4-19039326949,1,1,United States,
4-2203005283,3,3,Gambia,QCell
4-33191689890009,1,1,France,
4-8618450900000,1,1,China,China Mobile
4-447782000243,1,1,United Kingdom,Three
4-12404492436,6,6,United States,
4-218919121253,2,0,Libya,Al-Madar
4-861527890204,1,1,China,
4-33689008433,1,1,France,Orange France
4-8615797420000,1,1,China,China Mobile
4-491700600312,2,2,Germany,T-Mobile
4-19039326947,1,1,United States,
4-447953700224,7,6,United Kingdom,EE
4-491700600307,1,0,Germany,T-Mobile
4-639180009011,2,1,Philippines,Smart
4-336110000331418,1,1,France,
4-4528133315,1,1,Denmark,telia
4-861565440000,1,1,China,
4-882285000001102,1,0,Country not found,
4-38641003602,1,1,Slovenia,Telekom Slovenije
4-4237902626,2,2,Liechtenstein,Telecom Liechtenstein
4-19039326985,2,1,United States,
4-8614778640000,1,1,China,China Mobile
4-5025205280165,1,1,Guatemala,
4-33191316540275,1,1,France,
4-639180009009,1,1,Philippines,Smart
4-447953700218,2,2,United Kingdom,EE
4-33191905420145,1,1,France,
4-861309089201,1,1,China,
4-14054729229,2,2,United States,
4-66923016521,1,0,Thailand,AIS
4-8618482440000,1,1,China,China Mobile
4-3319127820077,1,1,France,
4-33191905420146,1,1,France,
4-19039326984,1,1,United States,
4-19039326948,2,2,United States,
4-14054729204,3,2,United States,
4-33191905420289,1,1,France,
4-8614773350000,1,1,China,China Mobile
4-33689008888,4,4,France,Orange France
4-33191972560027,1,1,France,
4-33191245960009,5,2,France,
4-4915790100006,1,1,Germany,Eplus/Sipgate
4-8613605370000,1,0,China,China Mobile
4-33191905420186,2,1,France,
4-421903002025,1,1,Slovakia,T-Mobile (Slovak Telekom)
4-66942500005,1,1,Thailand,DTAC
4-16363848772,2,2,United States,
4-8615728340000,1,1,China,China Mobile
4-12085978681,2,2,United States,
4-8613405350000,1,1,China,China Mobile
4-35796967004,1,1,Cyprus,MTN
4-3319127820110,1,1,France,
4-336110000312102,2,2,France,
4-66830032010,1,1,Thailand,True Move
4-491700600315,3,2,Germany,T-Mobile
4-79529480180,1,0,Russian Federation,Tele2
4-33191905420282,1,1,France,
4-33191905420283,1,1,France,
4-447782000114,1,1,United Kingdom,Three
4-61415011030,1,0,Australia,Vodafone
4-447802000259,2,2,United Kingdom,O2
4-8615294870000,1,1,China,China Mobile
4-8613439520000,1,1,China,China Mobile
4-3319127820069,1,0,France,
4-917011075029,1,1,India,Reliance Jio
4-19039326983,1,1,United States,
4-9477000196,1,1,Sri Lanka,
4-3319127820123,1,1,France,
4-66923014522,1,1,Thailand,AIS
4-375259092009,1,0,Belarus,life:)
4-550101102055,2,2,Brazil,
4-96394107400,1,0,Syrian Arab Republic,
4-8614700030000,1,1,China,China Mobile
4-8613912180000,1,1,China,China Mobile
4-46723900010,1,1,Sweden,Telenor Sverige
4-861854918000,1,1,China,
4-8615102140000,1,1,China,China Mobile
4-79167494188,1,1,Russian Federation,
4-79167494106,1,1,Russian Federation,
4-79139860002,1,1,Russian Federation,
4-3319112420011,1,1,France,
4-85290184006,1,1,Hong Kong,SmarTone
4-4528133318,1,1,Denmark,telia
4-33191485010125,1,1,France,
4-447782000233,1,1,United Kingdom,Three
4-447782000245,1,1,United Kingdom,Three
4-33191687770018,2,2,France,
4-959790000057,3,2,Myanmar,Telenor
4-8614778740000,1,1,China,China Mobile
4-61415011019,1,1,Australia,Vodafone
4-8190542114894,1,1,Japan,
4-79167494221,1,1,Russian Federation,
4-97455589714,1,1,Qatar,ooredoo
4-447782000222,1,1,United Kingdom,Three
4-33689002873,1,1,France,Orange France
4-861837869643,1,1,China,
4-79167494227,1,1,Russian Federation,
4-32475002547,1,1,Belgium,Proximus
4-19037029967,1,1,United States,
4-8614709420000,1,1,China,China Mobile
4-4367603034000,1,0,Austria,T-Mobile AT
4-54079000030,1,1,Argentina,
4-491700600120,2,2,Germany,T-Mobile
4-8190542115860,1,1,Japan,
4-61415011015,2,1,Australia,Vodafone
4-3725509930,1,1,Estonia,Tele 2
4-324750004160404,2,0,Belgium,
4-13123149272,2,2,United States,
4-33191316540123,2,2,France,
4-8613400060000,1,1,China,China Mobile
4-19039326973,1,1,United States,
4-861325477829,1,1,China,
4-33689008931,1,1,France,Orange France
4-917016075020,1,1,India,Reliance Jio
4-33695000380,1,1,France,Free Mobile
4-32475002531,1,1,Belgium,Proximus
4-861958454000,1,0,China,
4-8190542116900,1,1,Japan,
4-37379499110,1,1,"Moldova, Republic of",Moldcell
4-8613611310000,1,1,China,China Mobile
4-316540791020,1,1,Netherlands,
4-46705003208,1,1,Sweden,TeliaSonera
4-5995219507,1,1,Country not found,Operator not found
4-14054729240,1,1,United States,
4-324750004152919,1,1,Belgium,
4-8618516404520,1,1,China,China Unicom
4-919021019361,2,2,India,Reliance Jio
4-491700600313,1,1,Germany,T-Mobile
4-447782000224,1,1,United Kingdom,Three
4-33191905420194,2,2,France,
4-33689002881,1,1,France,Orange France
4-33689008062,1,0,France,Orange France
4-21650000054,1,1,Tunisia,Orange
4-8613663040000,1,1,China,China Mobile
4-8190542117862,1,1,Japan,
4-447782000118,1,0,United Kingdom,Three
4-19039326994,1,1,United States,
4-550064802007,1,1,Brazil,
4-66923013502,1,1,Thailand,AIS
4-436760182225,1,0,Austria,T-Mobile AT
4-19039326963,1,1,United States,
4-491760003161,1,1,Germany,
4-331918180931026,1,0,France,
4-550101102054,1,1,Brazil,
